Category,Name,Price,Stock,Description,Wireless,NoiseCancellation,Microphone
Headphone,Headphone 1,81.00,100,A basic headphone,false,false,false
Headphone,Headphone 2,162.00,50,A slightly better headphone,true,true,true
Headphone,Headphone 3,83.00,100,A basic headphone,false,false,false
Headphone,Headphone 4,164.00,50,A slightly better headphone,true,true,true
Headphone,Headphone 5,85.00,100,A basic headphone,false,false,false
Headphone,Headphone 6,166.00,50,A slightly better headphone,true,true,true
Headphone,Headphone 7,87.00,100,A basic headphone,false,false,false
Headphone,Headphone 8,168.00,50,A slightly better headphone,true,true,true
Headphone,Headphone 9,89.00,100,A basic headphone,false,false,false
Headphone,Headphone 10,170.00,50,A slightly better headphone,true,true,true
Headphone,Headphone 11,91.00,100,A basic headphone,false,false,false
Headphone,Headphone 12,172.00,50,A slightly better headphone,true,true,true
Headphone,Headphone 13,93.00,100,A basic headphone,false,false,false
Headphone,Headphone 14,174.00,50,A slightly better headphone,true,true,true
Headphone,Headphone 15,95.00,100,A basic headphone,false,false,false
Headphone,Headphone 16,176.00,50,A slightly better headphone,true,true,true
Headphone,Headphone 17,97.00,100,A basic headphone,false,false,false
Headphone,Headphone 18,178.00,50,A slightly better headphone,true,true,true
Headphone,Headphone 19,99.00,100,A basic headphone,false,false,false
Headphone,Headphone 20,180.00,50,A slightly better headphone,true,true,true
Headphone,Headphone 21,101.00,100,A basic headphone,false,false,false
Headphone,Headphone 22,182.00,50,A slightly better headphone,true,true,true
Headphone,Headphone 23,103.00,100,A basic headphone,false,false,false
Headphone,Headphone 24,184.00,50,A slightly better headphone,true,true,true
Headphone,Headphone 25,105.00,100,A basic headphone,false,false,false
Headphone,Headphone 26,186.00,50,A slightly better headphone,true,true,true
Headphone,Headphone 27,107.00,100,A basic headphone,false,false,false
Headphone,Headphone 28,188.00,50,A slightly better headphone,true,true,true
Headphone,Headphone 29,109.00,100,A basic headphone,false,false,false
Headphone,Headphone 30,190.00,50,A slightly better headphone,true,true,true
Headphone,Headphone 31,111.00,100,A basic headphone,false,false,false
Headphone,Headphone 32,192.00,50,A slightly better headphone,true,true,true
Headphone,Headphone 33,113.00,100,A basic headphone,false,false,false
Headphone,Headphone 34,194.00,50,A slightly better headphone,true,true,true
Headphone,Headphone 35,115.00,100,A basic headphone,false,false,false
Headphone,Headphone 36,196.00,50,A slightly better headphone,true,true,true
Headphone,Headphone 37,117.00,100,A basic headphone,false,false,false
Headphone,Headphone 38,198.00,50,A slightly better headphone,true,true,true
Headphone,Headphone 39,119.00,100,A basic headphone,false,false,false
Headphone,Headphone 40,200.00,50,A slightly better headphone,true,true,true
Headphone,Headphone 41,121.00,100,A basic headphone,false,false,false
Headphone,Headphone 42,202.00,50,A slightly better headphone,true,true,true
Headphone,Headphone 43,123.00,100,A basic headphone,false,false,false
Headphone,Headphone 44,204.00,50,A slightly better headphone,true,true,true
Headphone,Headphone 45,125.00,100,A basic headphone,false,false,false
Headphone,Headphone 46,206.00,50,A slightly better headphone,true,true,true
Headphone,Headphone 47,127.00,100,A basic headphone,false,false,false
Headphone,Headphone 48,208.00,50,A slightly better headphone,true,true,true
Headphone,Headphone 49,129.00,100,A basic headphone,false,false,false
Headphone,Headphone 50,210.00,50,A slightly better headphone,true,true,true
Headphone,Headphone 51,131.00,100,A basic headphone,false,false,false
Headphone,Headphone 52,212.00,50,A slightly better headphone,true,true,true
Headphone,Headphone 53,133.00,100,A basic headphone,false,false,false
Headphone,Headphone 54,214.00,50,A slightly better headphone,true,true,true
Headphone,Headphone 55,135.00,100,A basic headphone,false,false,false
Headphone,Headphone 56,216.00,50,A slightly better headphone,true,true,true
Headphone,Headphone 57,137.00,100,A basic headphone,false,false,false
Headphone,Headphone 58,218.00,50,A slightly better headphone,true,true,true
Headphone,Headphone 59,139.00,100,A basic headphone,false,false,false
Headphone,Headphone 60,220.00,50,A slightly better headphone,true,true,true
Headphone,Headphone 61,141.00,100,A basic headphone,false,false,false
Headphone,Headphone 62,222.00,50,A slightly better headphone,true,true,true
Headphone,Headphone 63,143.00,100,A basic headphone,false,false,false
Headphone,Headphone 64,224.00,50,A slightly better headphone,true,true,true
Headphone,Headphone 65,145.00,100,A basic headphone,false,false,false
Headphone,Headphone 66,226.00,50,A slightly better headphone,true,true,true
Headphone,Headphone 67,147.00,100,A basic headphone,false,false,false
Headphone,Headphone 68,228.00,50,A slightly better headphone,true,true,true
Headphone,Headphone 69,149.00,100,A basic headphone,false,false,false
Headphone,Headphone 70,230.00,50,A slightly better headphone,true,true,true
Headphone,Headphone 71,151.00,100,A basic headphone,false,false,false
Headphone,Headphone 72,232.00,50,A slightly better headphone,true,true,true
Headphone,Headphone 73,153.00,100,A basic headphone,false,false,false
Headphone,Headphone 74,234.00,50,A slightly better headphone,true,true,true
Headphone,Headphone 75,155.00,100,A basic headphone,false,false,false
Headphone,Headphone 76,236.00,50,A slightly better headphone,true,true,true
Headphone,Headphone 77,157.00,100,A basic headphone,false,false,false
Headphone,Headphone 78,238.00,50,A slightly better headphone,true,true,true
Headphone,Headphone 79,159.00,100,A basic headphone,false,false,false
Headphone,Headphone 80,240.00,50,A slightly better headphone,true,true,true
Headphone,Headphone 81,161.00,100,A basic headphone,false,false,false
Headphone,Headphone 82,242.00,50,A slightly better headphone,true,true,true
Headphone,Headphone 83,163.00,100,A basic headphone,false,false,false
Headphone,Headphone 84,244.00,50,A slightly better headphone,true,true,true
Headphone,Headphone 85,165.00,100,A basic headphone,false,false,false
Headphone,Headphone 86,246.00,50,A slightly better headphone,true,true,true
Headphone,Headphone 87,167.00,100,A basic headphone,false,false,false
Headphone,Headphone 88,248.00,50,A slightly better headphone,true,true,true
Headphone,Headphone 89,169.00,100,A basic headphone,false,false,false
Headphone,Headphone 90,250.00,50,A slightly better headphone,true,true,true
Headphone,Headphone 91,171.00,100,A basic headphone,false,false,false
Headphone,Headphone 92,252.00,50,A slightly better headphone,true,true,true
Headphone,Headphone 93,173.00,100,A basic headphone,false,false,false
Headphone,Headphone 94,254.00,50,A slightly better headphone,true,true,true
Headphone,Headphone 95,175.00,100,A basic headphone,false,false,false
Headphone,Headphone 96,256.00,50,A slightly better headphone,true,true,true
Headphone,Headphone 97,177.00,100,A basic headphone,false,false,false
Headphone,Headphone 98,258.00,50,A slightly better headphone,true,true,true
Headphone,Headphone 99,179.00,100,A basic headphone,false,false,false
Headphone,Headphone 100,260.00,50,A slightly better headphone,true,true,true
Headphone,Headphone 101,181.00,100,A basic headphone,false,false,false
Headphone,Headphone 102,262.00,50,A slightly better headphone,true,true,true
Headphone,Headphone 103,183.00,100,A basic headphone,false,false,false
Headphone,Headphone 104,264.00,50,A slightly better headphone,true,true,true
Headphone,Headphone 105,185.00,100,A basic headphone,false,false,false
Headphone,Headphone 106,266.00,50,A slightly better headphone,true,true,true
Headphone,Headphone 107,187.00,100,A basic headphone,false,false,false
Headphone,Headphone 108,268.00,50,A slightly better headphone,true,true,true
Headphone,Headphone 109,189.00,100,A basic headphone,false,false,false
Headphone,Headphone 110,270.00,50,A slightly better headphone,true,true,true
Headphone,Headphone 111,191.00,100,A basic headphone,false,false,false
Headphone,Headphone 112,272.00,50,A slightly better headphone,true,true,true
Headphone,Headphone 113,193.00,100,A basic headphone,false,false,false
Headphone,Headphone 114,274.00,50,A slightly better headphone,true,true,true
Headphone,Headphone 115,195.00,100,A basic headphone,false,false,false
Headphone,Headphone 116,276.00,50,A slightly better headphone,true,true,true
Headphone,Headphone 117,197.00,100,A basic headphone,false,false,false
Headphone,Headphone 118,278.00,50,A slightly better headphone,true,true,true
Headphone,Headphone 119,199.00,100,A basic headphone,false,false,false
Headphone,Headphone 120,280.00,50,A slightly better headphone,true,true,true
Headphone,Headphone 121,201.00,100,A basic headphone,false,false,false
Headphone,Headphone 122,282.00,50,A slightly better headphone,true,true,true
Headphone,Headphone 123,203.00,100,A basic headphone,false,false,false
Headphone,Headphone 124,284.00,50,A slightly better headphone,true,true,true
Headphone,Headphone 125,205.00,100,A basic headphone,false,false,false
Headphone,Headphone 126,286.00,50,A slightly better headphone,true,true,true
Headphone,Headphone 127,207.00,100,A basic headphone,false,false,false
Headphone,Headphone 128,288.00,50,A slightly better headphone,true,true,true
Headphone,Headphone 129,209.00,100,A basic headphone,false,false,false
Headphone,Headphone 130,290.00,50,A slightly better headphone,true,true,true
Headphone,Headphone 131,211.00,100,A basic headphone,false,false,false
Headphone,Headphone 132,292.00,50,A slightly better headphone,true,true,true
Headphone,Headphone 133,213.00,100,A basic headphone,false,false,false
Headphone,Headphone 134,294.00,50,A slightly better headphone,true,true,true
Headphone,Headphone 135,215.00,100,A basic headphone,false,false,false
Headphone,Headphone 136,296.00,50,A slightly better headphone,true,true,true
Headphone,Headphone 137,217.00,100,A basic headphone,false,false,false
Headphone,Headphone 138,298.00,50,A slightly better headphone,true,true,true
Headphone,Headphone 139,219.00,100,A basic headphone,false,false,false
Headphone,Headphone 140,300.00,50,A slightly better headphone,true,true,true
Headphone,Headphone 141,221.00,100,A basic headphone,false,false,false
Headphone,Headphone 142,302.00,50,A slightly better headphone,true,true,true
Headphone,Headphone 143,223.00,100,A basic headphone,false,false,false
Headphone,Headphone 144,304.00,50,A slightly better headphone,true,true,true
Headphone,Headphone 145,225.00,100,A basic headphone,false,false,false
Headphone,Headphone 146,306.00,50,A slightly better headphone,true,true,true
Headphone,Headphone 147,227.00,100,A basic headphone,false,false,false
Headphone,Headphone 148,308.00,50,A slightly better headphone,true,true,true
Headphone,Headphone 149,229.00,100,A basic headphone,false,false,false
Headphone,Headphone 150,310.00,50,A slightly better headphone,true,true,true
Headphone,Headphone 151,231.00,100,A basic headphone,false,false,false
Headphone,Headphone 152,312.00,50,A slightly better headphone,true,true,true
Headphone,Headphone 153,233.00,100,A basic headphone,false,false,false
Headphone,Headphone 154,314.00,50,A slightly better headphone,true,true,true
Headphone,Headphone 155,235.00,100,A basic headphone,false,false,false
Headphone,Headphone 156,316.00,50,A slightly better headphone,true,true,true
Headphone,Headphone 157,237.00,100,A basic headphone,false,false,false
Headphone,Headphone 158,318.00,50,A slightly better headphone,true,true,true
Headphone,Headphone 159,239.00,100,A basic headphone,false,false,false
Headphone,Headphone 160,320.00,50,A slightly better headphone,true,true,true
Headphone,Headphone 161,241.00,100,A basic headphone,false,false,false
Headphone,Headphone 162,322.00,50,A slightly better headphone,true,true,true
Headphone,Headphone 163,243.00,100,A basic headphone,false,false,false
Headphone,Headphone 164,324.00,50,A slightly better headphone,true,true,true
Headphone,Headphone 165,245.00,100,A basic headphone,false,false,false
Headphone,Headphone 166,326.00,50,A slightly better headphone,true,true,true
Headphone,Headphone 167,247.00,100,A basic headphone,false,false,false
Headphone,Headphone 168,328.00,50,A slightly better headphone,true,true,true
Headphone,Headphone 169,249.00,100,A basic headphone,false,false,false
Headphone,Headphone 170,330.00,50,A slightly better headphone,true,true,true
Headphone,Headphone 171,251.00,100,A basic headphone,false,false,false
Headphone,Headphone 172,332.00,50,A slightly better headphone,true,true,true
Headphone,Headphone 173,253.00,100,A basic headphone,false,false,false
Headphone,Headphone 174,334.00,50,A slightly better headphone,true,true,true
Headphone,Headphone 175,255.00,100,A basic headphone,false,false,false
Headphone,Headphone 176,336.00,50,A slightly better headphone,true,true,true
Headphone,Headphone 177,257.00,100,A basic headphone,false,false,false
Headphone,Headphone 178,338.00,50,A slightly better headphone,true,true,true
Headphone,Headphone 179,259.00,100,A basic headphone,false,false,false
Headphone,Headphone 180,340.00,50,A slightly better headphone,true,true,true
Headphone,Headphone 181,261.00,100,A basic headphone,false,false,false
Headphone,Headphone 182,342.00,50,A slightly better headphone,true,true,true
Headphone,Headphone 183,263.00,100,A basic headphone,false,false,false
Headphone,Headphone 184,344.00,50,A slightly better headphone,true,true,true
Headphone,Headphone 185,265.00,100,A basic headphone,false,false,false
Headphone,Headphone 186,346.00,50,A slightly better headphone,true,true,true
Headphone,Headphone 187,267.00,100,A basic headphone,false,false,false
Headphone,Headphone 188,348.00,50,A slightly better headphone,true,true,true
Headphone,Headphone 189,269.00,100,A basic headphone,false,false,false
Headphone,Headphone 190,350.00,50,A slightly better headphone,true,true,true
Headphone,Headphone 191,271.00,100,A basic headphone,false,false,false
Headphone,Headphone 192,352.00,50,A slightly better headphone,true,true,true
Headphone,Headphone 193,273.00,100,A basic headphone,false,false,false
Headphone,Headphone 194,354.00,50,A slightly better headphone,true,true,true
Headphone,Headphone 195,275.00,100,A basic headphone,false,false,false
Headphone,Headphone 196,356.00,50,A slightly better headphone,true,true,true
Headphone,Headphone 197,277.00,100,A basic headphone,false,false,false
Headphone,Headphone 198,358.00,50,A slightly better headphone,true,true,true
Headphone,Headphone 199,279.00,100,A basic headphone,false,false,false
Headphone,Headphone 200,360.00,50,A slightly better headphone,true,true,true
