Category,Name,Price,Stock,Description,Wireless,SensorType,DPI
Mouse,Mouse 1,21.00,100,A basic mouse,false,Optical,1000
Mouse,Mouse 2,42.00,50,A slightly better mouse,true,Laser,2500
Mouse,Mouse 3,23.00,100,A basic mouse,false,Optical,1000
Mouse,Mouse 4,44.00,50,A slightly better mouse,true,Laser,2500
Mouse,Mouse 5,25.00,100,A basic mouse,false,Optical,1000
Mouse,Mouse 6,46.00,50,A slightly better mouse,true,Laser,2500
Mouse,Mouse 7,27.00,100,A basic mouse,false,Optical,1000
Mouse,Mouse 8,48.00,50,A slightly better mouse,true,Laser,2500
Mouse,Mouse 9,29.00,100,A basic mouse,false,Optical,1000
Mouse,Mouse 10,50.00,50,A slightly better mouse,true,Laser,2500
Mouse,Mouse 11,31.00,100,A basic mouse,false,Optical,1000
Mouse,Mouse 12,52.00,50,A slightly better mouse,true,Laser,2500
Mouse,Mouse 13,33.00,100,A basic mouse,false,Optical,1000
Mouse,Mouse 14,54.00,50,A slightly better mouse,true,Laser,2500
Mouse,Mouse 15,35.00,100,A basic mouse,false,Optical,1000
Mouse,Mouse 16,56.00,50,A slightly better mouse,true,Laser,2500
Mouse,Mouse 17,37.00,100,A basic mouse,false,Optical,1000
Mouse,Mouse 18,58.00,50,A slightly better mouse,true,Laser,2500
Mouse,Mouse 19,39.00,100,A basic mouse,false,Optical,1000
Mouse,Mouse 20,60.00,50,A slightly better mouse,true,Laser,2500
Mouse,Mouse 21,41.00,100,A basic mouse,false,Optical,1000
Mouse,Mouse 22,62.00,50,A slightly better mouse,true,Laser,2500
Mouse,Mouse 23,43.00,100,A basic mouse,false,Optical,1000
Mouse,Mouse 24,64.00,50,A slightly better mouse,true,Laser,2500
Mouse,Mouse 25,45.00,100,A basic mouse,false,Optical,1000
Mouse,Mouse 26,66.00,50,A slightly better mouse,true,Laser,2500
Mouse,Mouse 27,47.00,100,A basic mouse,false,Optical,1000
Mouse,Mouse 28,68.00,50,A slightly better mouse,true,Laser,2500
Mouse,Mouse 29,49.00,100,A basic mouse,false,Optical,1000
Mouse,Mouse 30,70.00,50,A slightly better mouse,true,Laser,2500
Mouse,Mouse 31,51.00,100,A basic mouse,false,Optical,1000
Mouse,Mouse 32,72.00,50,A slightly better mouse,true,Laser,2500
Mouse,Mouse 33,53.00,100,A basic mouse,false,Optical,1000
Mouse,Mouse 34,74.00,50,A slightly better mouse,true,Laser,2500
Mouse,Mouse 35,55.00,100,A basic mouse,false,Optical,1000
Mouse,Mouse 36,76.00,50,A slightly better mouse,true,Laser,2500
Mouse,Mouse 37,57.00,100,A basic mouse,false,Optical,1000
Mouse,Mouse 38,78.00,50,A slightly better mouse,true,Laser,2500
Mouse,Mouse 39,59.00,100,A basic mouse,false,Optical,1000
Mouse,Mouse 40,80.00,50,A slightly better mouse,true,Laser,2500
Mouse,Mouse 41,61.00,100,A basic mouse,false,Optical,1000
Mouse,Mouse 42,82.00,50,A slightly better mouse,true,Laser,2500
Mouse,Mouse 43,63.00,100,A basic mouse,false,Optical,1000
Mouse,Mouse 44,84.00,50,A slightly better mouse,true,Laser,2500
Mouse,Mouse 45,65.00,100,A basic mouse,false,Optical,1000
Mouse,Mouse 46,86.00,50,A slightly better mouse,true,Laser,2500
Mouse,Mouse 47,67.00,100,A basic mouse,false,Optical,1000
Mouse,Mouse 48,88.00,50,A slightly better mouse,true,Laser,2500
Mouse,Mouse 49,69.00,100,A basic mouse,false,Optical,1000
Mouse,Mouse 50,90.00,50,A slightly better mouse,true,Laser,2500
Mouse,Mouse 51,71.00,100,A basic mouse,false,Optical,1000
Mouse,Mouse 52,92.00,50,A slightly better mouse,true,Laser,2500
Mouse,Mouse 53,73.00,100,A basic mouse,false,Optical,1000
Mouse,Mouse 54,94.00,50,A slightly better mouse,true,Laser,2500
Mouse,Mouse 55,75.00,100,A basic mouse,false,Optical,1000
Mouse,Mouse 56,96.00,50,A slightly better mouse,true,Laser,2500
Mouse,Mouse 57,77.00,100,A basic mouse,false,Optical,1000
Mouse,Mouse 58,98.00,50,A slightly better mouse,true,Laser,2500
Mouse,Mouse 59,79.00,100,A basic mouse,false,Optical,1000
Mouse,Mouse 60,100.00,50,A slightly better mouse,true,Laser,2500
Mouse,Mouse 61,81.00,100,A basic mouse,false,Optical,1000
Mouse,Mouse 62,102.00,50,A slightly better mouse,true,Laser,2500
Mouse,Mouse 63,83.00,100,A basic mouse,false,Optical,1000
Mouse,Mouse 64,104.00,50,A slightly better mouse,true,Laser,2500
Mouse,Mouse 65,85.00,100,A basic mouse,false,Optical,1000
Mouse,Mouse 66,106.00,50,A slightly better mouse,true,Laser,2500
Mouse,Mouse 67,87.00,100,A basic mouse,false,Optical,1000
Mouse,Mouse 68,108.00,50,A slightly better mouse,true,Laser,2500
Mouse,Mouse 69,89.00,100,A basic mouse,false,Optical,1000
Mouse,Mouse 70,110.00,50,A slightly better mouse,true,Laser,2500
Mouse,Mouse 71,91.00,100,A basic mouse,false,Optical,1000
Mouse,Mouse 72,112.00,50,A slightly better mouse,true,Laser,2500
Mouse,Mouse 73,93.00,100,A basic mouse,false,Optical,1000
Mouse,Mouse 74,114.00,50,A slightly better mouse,true,Laser,2500
Mouse,Mouse 75,95.00,100,A basic mouse,false,Optical,1000
Mouse,Mouse 76,116.00,50,A slightly better mouse,true,Laser,2500
Mouse,Mouse 77,97.00,100,A basic mouse,false,Optical,1000
Mouse,Mouse 78,118.00,50,A slightly better mouse,true,Laser,2500
Mouse,Mouse 79,99.00,100,A basic mouse,false,Optical,1000
Mouse,Mouse 80,120.00,50,A slightly better mouse,true,Laser,2500
Mouse,Mouse 81,101.00,100,A basic mouse,false,Optical,1000
Mouse,Mouse 82,122.00,50,A slightly better mouse,true,Laser,2500
Mouse,Mouse 83,103.00,100,A basic mouse,false,Optical,1000
Mouse,Mouse 84,124.00,50,A slightly better mouse,true,Laser,2500
Mouse,Mouse 85,105.00,100,A basic mouse,false,Optical,1000
Mouse,Mouse 86,126.00,50,A slightly better mouse,true,Laser,2500
Mouse,Mouse 87,107.00,100,A basic mouse,false,Optical,1000
Mouse,Mouse 88,128.00,50,A slightly better mouse,true,Laser,2500
Mouse,Mouse 89,109.00,100,A basic mouse,false,Optical,1000
Mouse,Mouse 90,130.00,50,A slightly better mouse,true,Laser,2500
Mouse,Mouse 91,111.00,100,A basic mouse,false,Optical,1000
Mouse,Mouse 92,132.00,50,A slightly better mouse,true,Laser,2500
Mouse,Mouse 93,113.00,100,A basic mouse,false,Optical,1000
Mouse,Mouse 94,134.00,50,A slightly better mouse,true,Laser,2500
Mouse,Mouse 95,115.00,100,A basic mouse,false,Optical,1000
Mouse,Mouse 96,136.00,50,A slightly better mouse,true,Laser,2500
Mouse,Mouse 97,117.00,100,A basic mouse,false,Optical,1000
Mouse,Mouse 98,138.00,50,A slightly better mouse,true,Laser,2500
Mouse,Mouse 99,119.00,100,A basic mouse,false,Optical,1000
Mouse,Mouse 100,140.00,50,A slightly better mouse,true,Laser,2500
Mouse,Mouse 101,121.00,100,A basic mouse,false,Optical,1000
Mouse,Mouse 102,142.00,50,A slightly better mouse,true,Laser,2500
Mouse,Mouse 103,123.00,100,A basic mouse,false,Optical,1000
Mouse,Mouse 104,144.00,50,A slightly better mouse,true,Laser,2500
Mouse,Mouse 105,125.00,100,A basic mouse,false,Optical,1000
Mouse,Mouse 106,146.00,50,A slightly better mouse,true,Laser,2500
Mouse,Mouse 107,127.00,100,A basic mouse,false,Optical,1000
Mouse,Mouse 108,148.00,50,A slightly better mouse,true,Laser,2500
Mouse,Mouse 109,129.00,100,A basic mouse,false,Optical,1000
Mouse,Mouse 110,150.00,50,A slightly better mouse,true,Laser,2500
Mouse,Mouse 111,131.00,100,A basic mouse,false,Optical,1000
Mouse,Mouse 112,152.00,50,A slightly better mouse,true,Laser,2500
Mouse,Mouse 113,133.00,100,A basic mouse,false,Optical,1000
Mouse,Mouse 114,154.00,50,A slightly better mouse,true,Laser,2500
Mouse,Mouse 115,135.00,100,A basic mouse,false,Optical,1000
Mouse,Mouse 116,156.00,50,A slightly better mouse,true,Laser,2500
Mouse,Mouse 117,137.00,100,A basic mouse,false,Optical,1000
Mouse,Mouse 118,158.00,50,A slightly better mouse,true,Laser,2500
Mouse,Mouse 119,139.00,100,A basic mouse,false,Optical,1000
Mouse,Mouse 120,160.00,50,A slightly better mouse,true,Laser,2500
Mouse,Mouse 121,141.00,100,A basic mouse,false,Optical,1000
Mouse,Mouse 122,162.00,50,A slightly better mouse,true,Laser,2500
Mouse,Mouse 123,143.00,100,A basic mouse,false,Optical,1000
Mouse,Mouse 124,164.00,50,A slightly better mouse,true,Laser,2500
Mouse,Mouse 125,145.00,100,A basic mouse,false,Optical,1000
Mouse,Mouse 126,166.00,50,A slightly better mouse,true,Laser,2500
Mouse,Mouse 127,147.00,100,A basic mouse,false,Optical,1000
Mouse,Mouse 128,168.00,50,A slightly better mouse,true,Laser,2500
Mouse,Mouse 129,149.00,100,A basic mouse,false,Optical,1000
Mouse,Mouse 130,170.00,50,A slightly better mouse,true,Laser,2500
Mouse,Mouse 131,151.00,100,A basic mouse,false,Optical,1000
Mouse,Mouse 132,172.00,50,A slightly better mouse,true,Laser,2500
Mouse,Mouse 133,153.00,100,A basic mouse,false,Optical,1000
Mouse,Mouse 134,174.00,50,A slightly better mouse,true,Laser,2500
Mouse,Mouse 135,155.00,100,A basic mouse,false,Optical,1000
Mouse,Mouse 136,176.00,50,A slightly better mouse,true,Laser,2500
Mouse,Mouse 137,157.00,100,A basic mouse,false,Optical,1000
Mouse,Mouse 138,178.00,50,A slightly better mouse,true,Laser,2500
Mouse,Mouse 139,159.00,100,A basic mouse,false,Optical,1000
Mouse,Mouse 140,180.00,50,A slightly better mouse,true,Laser,2500
Mouse,Mouse 141,161.00,100,A basic mouse,false,Optical,1000
Mouse,Mouse 142,182.00,50,A slightly better mouse,true,Laser,2500
Mouse,Mouse 143,163.00,100,A basic mouse,false,Optical,1000
Mouse,Mouse 144,184.00,50,A slightly better mouse,true,Laser,2500
Mouse,Mouse 145,165.00,100,A basic mouse,false,Optical,1000
Mouse,Mouse 146,186.00,50,A slightly better mouse,true,Laser,2500
Mouse,Mouse 147,167.00,100,A basic mouse,false,Optical,1000
Mouse,Mouse 148,188.00,50,A slightly better mouse,true,Laser,2500
Mouse,Mouse 149,169.00,100,A basic mouse,false,Optical,1000
Mouse,Mouse 150,190.00,50,A slightly better mouse,true,Laser,2500
Mouse,Mouse 151,171.00,100,A basic mouse,false,Optical,1000
Mouse,Mouse 152,192.00,50,A slightly better mouse,true,Laser,2500
Mouse,Mouse 153,173.00,100,A basic mouse,false,Optical,1000
Mouse,Mouse 154,194.00,50,A slightly better mouse,true,Laser,2500
Mouse,Mouse 155,175.00,100,A basic mouse,false,Optical,1000
Mouse,Mouse 156,196.00,50,A slightly better mouse,true,Laser,2500
Mouse,Mouse 157,177.00,100,A basic mouse,false,Optical,1000
Mouse,Mouse 158,198.00,50,A slightly better mouse,true,Laser,2500
Mouse,Mouse 159,179.00,100,A basic mouse,false,Optical,1000
Mouse,Mouse 160,200.00,50,A slightly better mouse,true,Laser,2500
Mouse,Mouse 161,181.00,100,A basic mouse,false,Optical,1000
Mouse,Mouse 162,202.00,50,A slightly better mouse,true,Laser,2500
Mouse,Mouse 163,183.00,100,A basic mouse,false,Optical,1000
Mouse,Mouse 164,204.00,50,A slightly better mouse,true,Laser,2500
Mouse,Mouse 165,185.00,100,A basic mouse,false,Optical,1000
Mouse,Mouse 166,206.00,50,A slightly better mouse,true,Laser,2500
Mouse,Mouse 167,187.00,100,A basic mouse,false,Optical,1000
Mouse,Mouse 168,208.00,50,A slightly better mouse,true,Laser,2500
Mouse,Mouse 169,189.00,100,A basic mouse,false,Optical,1000
Mouse,Mouse 170,210.00,50,A slightly better mouse,true,Laser,2500
Mouse,Mouse 171,191.00,100,A basic mouse,false,Optical,1000
Mouse,Mouse 172,212.00,50,A slightly better mouse,true,Laser,2500
Mouse,Mouse 173,193.00,100,A basic mouse,false,Optical,1000
Mouse,Mouse 174,214.00,50,A slightly better mouse,true,Laser,2500
Mouse,Mouse 175,195.00,100,A basic mouse,false,Optical,1000
Mouse,Mouse 176,216.00,50,A slightly better mouse,true,Laser,2500
Mouse,Mouse 177,197.00,100,A basic mouse,false,Optical,1000
Mouse,Mouse 178,218.00,50,A slightly better mouse,true,Laser,2500
Mouse,Mouse 179,199.00,100,A basic mouse,false,Optical,1000
Mouse,Mouse 180,220.00,50,A slightly better mouse,true,Laser,2500
Mouse,Mouse 181,201.00,100,A basic mouse,false,Optical,1000
Mouse,Mouse 182,222.00,50,A slightly better mouse,true,Laser,2500
Mouse,Mouse 183,203.00,100,A basic mouse,false,Optical,1000
Mouse,Mouse 184,224.00,50,A slightly better mouse,true,Laser,2500
Mouse,Mouse 185,205.00,100,A basic mouse,false,Optical,1000
Mouse,Mouse 186,226.00,50,A slightly better mouse,true,Laser,2500
Mouse,Mouse 187,207.00,100,A basic mouse,false,Optical,1000
Mouse,Mouse 188,228.00,50,A slightly better mouse,true,Laser,2500
Mouse,Mouse 189,209.00,100,A basic mouse,false,Optical,1000
Mouse,Mouse 190,230.00,50,A slightly better mouse,true,Laser,2500
Mouse,Mouse 191,211.00,100,A basic mouse,false,Optical,1000
Mouse,Mouse 192,232.00,50,A slightly better mouse,true,Laser,2500
Mouse,Mouse 193,213.00,100,A basic mouse,false,Optical,1000
Mouse,Mouse 194,234.00,50,A slightly better mouse,true,Laser,2500
Mouse,Mouse 195,215.00,100,A basic mouse,false,Optical,1000
Mouse,Mouse 196,236.00,50,A slightly better mouse,true,Laser,2500
Mouse,Mouse 197,217.00,100,A basic mouse,false,Optical,1000
Mouse,Mouse 198,238.00,50,A slightly better mouse,true,Laser,2500
Mouse,Mouse 199,219.00,100,A basic mouse,false,Optical,1000
Mouse,Mouse 200,240.00,50,A slightly better mouse,true,Laser,2500
